{
  "precision": 0.9420921850503844,
  "recall": 0.942,
  "f1_score": 0.9414659071397413,
  "accuracy": 0.942,
  "train_samples": 20000,
  "test_samples": 5000,
  "feature_count": 12,
  "attack_classes": [
    "0",
    "1",
    "2",
    "3",
    "4"
  ],
  "trained_at": "2026-02-14T07:43:31.461557"
}